model,description,n_obs,momentum_coef,momentum_se,momentum_pvalue,odds_ratio,pseudo_r2,aic,bic
A,Baseline (no controls),1668,1.0806086739785434,0.10288857284674224,8.393668601244636e-26,2.9464724464724434,0.049923205149091765,2171.19713094919,2182.0358921150273
