variable,coefficient,std_error,z_value,p_value,odds_ratio
const,-0.025011811556503366,0.14645864638142123,-0.17077729566996872,0.8643988822231841,0.9752983921682323
ct_won_lag_1,-0.30494730671478437,0.1406943770806483,-2.1674448762084046,0.030200948589185785,0.7371622168671935
equip_adv_10k,0.9756277086178682,0.07480065522905709,13.043036931030459,6.962735724257079e-39,2.6528318939015976
map_de_dust2,0.28809227167077134,0.20668403014342646,1.3938777537425238,0.16335452316657706,1.3338803778162598
map_de_inferno,0.246004937017514,0.17460311213573548,1.4089378706278222,0.15885354018910514,1.2789058875069175
map_de_mirage,-0.18962962552114246,0.2070287104869031,-0.9159581058837666,0.3596888685826567,0.8272654752286281
map_de_nuke,0.2327291605223759,0.20386588117991578,1.141579744366286,0.2536287475583049,1.2620396228830382
map_de_overpass,0.3066236792700652,0.2055551019314462,1.4916860558991425,0.1357814663008528,1.3588295161276658
map_de_vertigo,0.44102605506433873,0.20560774381239968,2.1449875714153017,0.031953840717837516,1.554301199232477
