model,n_obs,pseudo_r2,momentum_coef,momentum_se,momentum_se_clu,momentum_p,momentum_p_clu,momentum_or,rank_coef,rank_p
1. Baseline,5274,0.058599654342129215,1.169834880614752,0.057908344791175716,0.05008693891671472,9.498650724176533e-91,1.1952409249921686e-120,3.2214606690052014,,
2. + Rank,5274,0.058679987201396444,1.1682395255984144,0.057943082702766636,0.049882100613330704,2.1182864980617274e-90,2.67261290182274e-121,3.216325392950351,-0.016103877243051873,0.44555250707761673
3. + Equipment,5274,0.14430644977587204,-0.1283151038695924,0.07817946580562052,0.0748868975824003,0.1007374208411159,0.08662941817156072,0.8795761776161322,,
4. + Equipment + Rank,5274,0.14437283666765677,-0.12988887936294216,0.07822102724285834,0.0745890678101311,0.09680654941930991,0.08161471719126272,0.8781930108657152,-0.015597656819156164,0.4880127473035567
5. + Regime + Rank,5274,0.15233348460344898,0.17265733086739352,0.07549902526178849,0.07014844445791839,0.022202735517274266,0.013842925079240518,1.1884587871586436,-0.024147126770424566,0.28521667519352845
6. + Equip + Regime + Rank,5274,0.15676257172018138,0.020493940328639267,0.08030704209656428,0.07371481651987079,0.798572639618477,0.7809996402069146,1.020705383085276,-0.021982852062815306,0.3324475613192772
