model,n_obs,pseudo_r2,aic,momentum_coef,momentum_se,momentum_pvalue,momentum_or
1. Baseline,3538,0.05490526389937911,4580.736068399654,1.133681088137881,0.07078101853732732,9.763856721273513e-58,3.107072884012541
2. + Tournament FE,3538,0.054906741534445413,4582.728912772344,1.1336209441558032,0.07078437882910556,1.0019902377196346e-57,3.106886017896183
3. + Equipment (PRIMARY),3538,0.13990543351796858,4173.112421315804,-0.1615523090205109,0.09582081357696907,0.09179898073403137,0.8508220246345914
4. + Equipment + Maps + Phase,3538,0.140936856803637,4186.117628759046,-0.17725777608494414,0.09648189997412213,0.06617849523268977,0.8375638527623118
5. + Regime Dummies,3538,0.14667412540830205,4150.334208585313,0.15155973014563207,0.09226682237210455,0.10046067724340184,1.1636478045867817
6. Regime + Equipment,3538,0.1517273822879328,4127.863198282878,-0.014169992005235865,0.09841791778681891,0.8855180263051212,0.9859299298109165
