force_rate_after_win,force_rate_after_loss,force_rate_diff,loss_streak_coef,loss_streak_or,loss_streak_p,force_n,eco_n,force_wr,eco_wr,force_ev,eco_ev,ev_diff,ci_95_lower,ci_95_upper,ci_90_lower,ci_90_upper,pct_force_better,verdict,tilt_status
1.0,0.3882224645583424,-0.6117775354416576,-0.22584832016608603,0.7978391085917683,0.0001193413609851767,357,556,0.3585434173669468,0.10431654676258993,0.8291316526610644,0.6115107913669064,0.21762086129415792,0.11703721056768045,0.32020005844064237,0.1347684037643834,0.30144791729641485,1.0,FORCE > ECO is STATISTICALLY SIGNIFICANT (p < 0.05),NOT TILT - strategically optimal behavior
