model,n_obs,pseudo_r2,momentum_coef,momentum_se,momentum_pvalue,momentum_or,tournament
Baseline,1736,0.06546499818756824,1.2353194610483103,0.10089675850634076,1.82233556304682e-34,3.4394771241830027,Rio
+ Equipment,1736,0.1522720163564384,-0.0639493882674444,0.13533283976886676,0.636545572908134,0.938052474790294,Rio
+ Equip + Maps + Phase,1736,0.1636865647453798,-0.16819598034006436,0.1390998948503421,0.22659599299298083,0.8451881781859012,Rio
+ Regime Dummies,1736,0.16339123683495616,0.21963873311541363,0.13132730688075375,0.09443505134661359,1.2456266456342555,Rio
Regime + Equipment,1736,0.166891185347386,0.0896574577693567,0.13898638589677428,0.5188747846240997,1.0937995469905966,Rio
